product_id,item_number,price,image_path
1200011,005//1771X,750,images\1200011.JPG
1200013,005//1932X,750,images\1200013.JPG
1200050,005//U4725,3410,images\1200050.JPG
1200051,005//U4736,3410,images\1200051.JPG
1200104,059//1121X,980,images\1200104.JPG
1200120,059//U408B,1980,images\1200120.JPG
1200126,070//1121X,1050,images\1200126.JPG
1200135,070//1932X,1050,images\1200135.JPG
1200143,070//2223X,1140,images\1200143.JPG
1200262,086//2285X,1140,images\1200262.JPG
1200263,086//2286X,1140,images\1200263.JPG
1200315,160//2285X,1480,images\1200315.JPG
1200316,160//2287X,1510,images\1200316.JPG
1200361,201//2222X,2680,images\1200361.JPG
1200429,248//U4654,5300,images\1200429.JPG
1200474,261//2285X,850,images\1200474.JPG
1200535,337//1932X,1050,images\1200535.JPG
1200537,337//2108X,1050,images\1200537.JPG
1200540,337//2225X,1140,images\1200540.JPG
1200572,337//U4650,1420,images\1200572.JPG
1200577,337//U4736,4910,images\1200577.JPG
1200618,410//1932X,2390,images\1200618.JPG
1200642,419//U4736,8250,images\1200642.JPG
1200717,438//1913,1340,images\1200717.JPG
1200744,448//U742,2320,images\1200744.JPG
1200746,448//U871,2320,images\1200746.JPG
1200823,590//2286,660,images\1200823.JPG
1200850,591//2285,730,images\1200850.JPG
1200851,591//2286,750,images\1200851.JPG
1200871,617//U4654,8670,images\1200871.JPG
1200898,723//1133,2120,images\1200898.JPG
1200908,723//570X,1510,images\1200908.JPG
1201015,845//U4725,8320,images\1201015.JPG
1201021,891//2222X,3050,images\1201021.JPG
1201043,904//1913X,760,images\1201043.JPG
1201049,904//375J,840,images\1201049.JPG
1201132,959//U871,2050,images\1201132.JPG
1201169,A44//U408,6840,images\1201169.JPG
1201242,A61//2218X,2770,images\1201242.JPG
1201283,A84//U408,3720,images\1201283.JPG
1201425,B89//2286X,930,images\1201425.JPG
1201453,C21//U408,2680,images\1201453.JPG
1201467,C40//1535X,1430,images\1201467.JPG
1201477,C40//2286X,1570,images\1201477.JPG
1201514,C83//2218,490,images\1201514.JPG
1201572,026//2286X,1780,images\1201572.JPG
1201613,112//2222X,1250,images\1201613.JPG
1201614,112//721X,1250,images\1201614.JPG
1201615,112//2225X,1250,images\1201615.JPG
1201623,160//2286X,1510,images\1201623.JPG
1201624,160//1932X,1340,images\1201624.JPG
1201643,244//U408,2060,images\1201643.JPG
1201670,337//2286X,1140,images\1201670.JPG
1201671,337//2285X,1140,images\1201671.JPG
1201776,768//1525X,1250,images\1201776.JPG
1201802,904//2223X,840,images\1201802.JPG
1201839,A25//2286X,1400,images\1201839.JPG
1201858,A61//61A,2770,images\1201858.JPG
1201859,A61//2225X,2770,images\1201859.JPG
1201871,B47//36X,440,images\1201871.JPG
1201918,D37//U4657,5970,images\1201918.JPG
1201926,005//U4638,4070,images\1201926.JPG
1201930,005//U4783,1540,images\1201930.JPG
1201935,014//2222X,1940,images\1201935.JPG
1201938,014//2225X,1910,images\1201938.JPG
1202005,059//70X,1050,images\1202005.JPG
1202009,059//U4704,4440,images\1202009.JPG
1202033,070//U1477,2800,images\1202033.JPG
1202036,070//U3059,2800,images\1202036.JPG
1202047,070//U4783,1980,images\1202047.JPG
1202112,141//2222X,2350,images\1202112.JPG
1202127,142//2108X,1720,images\1202127.JPG
1202174,179//U408,5460,images\1202174.JPG
1202209,244//U4725,4250,images\1202209.JPG
1202246,261//2290X,840,images\1202246.JPG
1202283,337//70X,1140,images\1202283.JPG
1202286,337//U1477,2800,images\1202286.JPG
1202295,337//U408,2230,images\1202295.JPG
1202300,337//U4704,4910,images\1202300.JPG
1202301,337//U4781,1460,images\1202301.JPG
1202303,337//U4783,2230,images\1202303.JPG
1202334,410//U4644,3250,images\1202334.JPG
1202362,419//U408,3720,images\1202362.JPG
1202365,419//U4781,2450,images\1202365.JPG
1202375,438//2339,1480,images\1202375.JPG
1202413,563//2222,820,images\1202413.JPG
1202482,617//2321X,4420,images\1202482.JPG
1202485,617//U4781,5720,images\1202485.JPG
1202516,717//U1472,6750,images\1202516.JPG
1202519,717//U1912,6750,images\1202519.JPG
1202547,768//U1477,3050,images\1202547.JPG
1202555,768//U4638,6050,images\1202555.JPG
1202624,904//U4783,1050,images\1202624.JPG
1202633,905//2222,1140,images\1202633.JPG
1202639,906//2222,1140,images\1202639.JPG
1202640,906//2225,1130,images\1202640.JPG
1202664,926//U4783,3900,images\1202664.JPG
1202670,927//2222,910,images\1202670.JPG
1202689,959//70X,1650,images\1202689.JPG
1202872,C03//U4783,2290,images\1202872.JPG
1202888,C21//70X,1510,images\1202888.JPG
1202969,C71//U4644,440,images\1202969.JPG
1202970,C71//U4804,440,images\1202970.JPG
1202971,C72//1525,230,images\1202971.JPG
1202987,C83//70,490,images\1202987.JPG
1203005,D04//2321X,1080,images\1203005.JPG
1203045,D26//1525X,530,images\1203045.JPG
1203071,D61//2321X,4270,images\1203071.JPG
1203075,D62//2321,1130,images\1203075.JPG
1203103,D82//2108X,2610,images\1203103.JPG
1203105,D82//U4783,3540,images\1203105.JPG
1203137,059//U4783,1980,images\1203137.JPG
1203141,070//U3060,2800,images\1203141.JPG
1203146,070//U4666,5290,images\1203146.JPG
1203152,073//U408A,2510,images\1203152.JPG
1203154,073//U4706,4980,images\1203154.JPG
1203170,112//U4804,1540,images\1203170.JPG
1203183,159//U4654,4050,images\1203183.JPG
1203186,174//U4638,4160,images\1203186.JPG
1203217,264//U3953,4150,images\1203217.JPG
1203236,374//U408,4110,images\1203236.JPG
1203299,591//U4783,1450,images\1203299.JPG
1203307,613//U4704,1770,images\1203307.JPG
1203308,617//U408,8670,images\1203308.JPG
1203328,747//U408A,5260,images\1203328.JPG
1203364,845//U4783,3760,images\1203364.JPG
1203372,905//U4704,2740,images\1203372.JPG
1203376,906//U4704,2740,images\1203376.JPG
1203411,A30//U4769,7770,images\1203411.JPG
1203447,B38//U408A,7330,images\1203447.JPG
1203482,C21//U4654,2680,images\1203482.JPG
1203483,C21//U4783,2680,images\1203483.JPG
1203512,C67//U4804,1310,images\1203512.JPG
1203513,C71//U4769,850,images\1203513.JPG
1203516,C72//U4769,850,images\1203516.JPG
1203518,C72//U4783,440,images\1203518.JPG
1203519,C72//U4804,440,images\1203519.JPG
1203520,C73//U4769,850,images\1203520.JPG
1203548,D04//U4783,1980,images\1203548.JPG
1203554,D12//U4804,4860,images\1203554.JPG
1203641,059//2286X,1080,images\1203641.JPG
1203646,059//U4725,4440,images\1203646.JPG
1203692,112//1118X,1130,images\1203692.JPG
1203751,160//U4725,5870,images\1203751.JPG
1203752,160//U4736,5870,images\1203752.JPG
1203759,174//1121X,810,images\1203759.JPG
1203765,174//2286X,840,images\1203765.JPG
1203924,507//U4725,12600,images\1203924.JPG
1203930,556//2286X,840,images\1203930.JPG
1204034,768//U3953,4150,images\1204034.JPG
1204072,878//U408A,5750,images\1204072.JPG
1204082,889//2286,560,images\1204082.JPG
1204163,A60//2285X,1170,images\1204163.JPG
1204171,A60//U4783,2070,images\1204171.JPG
1204172,A61//1118X,2510,images\1204172.JPG
1204210,A98//U4706,9140,images\1204210.JPG
1204223,B50//U4777,2070,images\1204223.JPG
1204257,C01//U1913,8630,images\1204257.JPG
1204271,C20//2222X,470,images\1204271.JPG
1204272,C20//2225X,470,images\1204272.JPG
1204279,C20//U4783,930,images\1204279.JPG
1204290,C21//U1913,3660,images\1204290.JPG
1204338,C93//U4725,9810,images\1204338.JPG
1204347,D44//U408,8780,images\1204347.JPG
1204381,014//U4666,8790,images\1204381.JPG
1204384,014//U4777,3340,images\1204384.JPG
1204432,070//U4782,1330,images\1204432.JPG
1204434,070//U4812,2770,images\1204434.JPG
1204455,096//U4725,4470,images\1204455.JPG
1204458,112//U1913,3050,images\1204458.JPG
1204466,119//U1472,5650,images\1204466.JPG
1204472,121//U1477,3430,images\1204472.JPG
1204475,139//U408B,4740,images\1204475.JPG
1204484,142//U4736,7930,images\1204484.JPG
1204490,159//U4725,8960,images\1204490.JPG
1204491,159//U4736,8960,images\1204491.JPG
1204492,159//U4779,4050,images\1204492.JPG
1204509,174//U4704,3490,images\1204509.JPG
1204519,206//U4725,5700,images\1204519.JPG
1204528,244//2222X,1170,images\1204528.JPG
1204536,244//U4638,5080,images\1204536.JPG
1204538,244//U4783,1860,images\1204538.JPG
1204557,261//U4825,1110,images\1204557.JPG
1204594,419//U4725,8250,images\1204594.JPG
1204618,507//U4736,12600,images\1204618.JPG
1204645,589//U1477,1770,images\1204645.JPG
1204646,589//U1912,1770,images\1204646.JPG
1204648,589//U3060,1770,images\1204648.JPG
1204651,589//U4704,1770,images\1204651.JPG
1204657,590//U1913,1260,images\1204657.JPG
1204674,591//U4777,1450,images\1204674.JPG
1204699,717//L62,17600,images\1204699.JPG
1204764,889//2285,560,images\1204764.JPG
1204772,925//U4612,5200,images\1204772.JPG
1204773,925//U4662,3050,images\1204773.JPG
1204782,927//2120,910,images\1204782.JPG
1204787,953//U408,6320,images\1204787.JPG
1204872,B66//U1473,3600,images\1204872.JPG
1204908,C01//U1473,8720,images\1204908.JPG
1204909,C01//U1912,8630,images\1204909.JPG
1204910,C01//U3059,8630,images\1204910.JPG
1204924,C20//2285X,470,images\1204924.JPG
1204925,C20//2286X,470,images\1204925.JPG
1204947,C22//U4769,3140,images\1204947.JPG
1204977,C83//U1912,1200,images\1204977.JPG
1204978,C83//U3060,1200,images\1204978.JPG
1204981,C83//U4769,1200,images\1204981.JPG
1204989,C93//U4736,10300,images\1204989.JPG
1205059,059//U4782,1330,images\1205059.JPG
1205065,059//U3060,2580,images\1205065.JPG
1205072,059//U4873,1330,images\1205072.JPG
1205081,070//U3071,2800,images\1205081.JPG
1205108,086//L62,12350,images\1205108.JPG
1205123,112//U4704,3050,images\1205123.JPG
1205124,112//U1472,3050,images\1205124.JPG
1205125,112//U4769,3050,images\1205125.JPG
1205126,112//U1485,3050,images\1205126.JPG
1205132,119//U4769,5650,images\1205132.JPG
1205139,119//U4851,2410,images\1205139.JPG
1205173,174//U4825,1050,images\1205173.JPG
1205191,239//61A,3690,images\1205191.JPG
1205192,240//U1472,7940,images\1205192.JPG
1205199,244//U4781,1420,images\1205199.JPG
1205216,244//U408B,2060,images\1205216.JPG
1205249,261//U1476,2330,images\1205249.JPG
1205274,264//U1472,5650,images\1205274.JPG
1205295,328//U4825,840,images\1205295.JPG
1205325,410//U4666,6400,images\1205325.JPG
1205329,419//U4782,2450,images\1205329.JPG
1205330,419//U1477,4740,images\1205330.JPG
1205335,422//U1472,7050,images\1205335.JPG
1205343,448//U3059,4570,images\1205343.JPG
1205380,589//U4705,1770,images\1205380.JPG
1205382,589//U1913,1770,images\1205382.JPG
1205383,589//U3059,1770,images\1205383.JPG
1205385,589//U4755,1770,images\1205385.JPG
1205389,589//U1473,1770,images\1205389.JPG
1205392,589//U3071,1770,images\1205392.JPG
1205409,590//U1472,1260,images\1205409.JPG
1205410,590//U3071,1260,images\1205410.JPG
1205417,591//U4825,960,images\1205417.JPG
1205418,591//U4666,3400,images\1205418.JPG
1205435,592//U1472,1260,images\1205435.JPG
1205444,625//U4755,4470,images\1205444.JPG
1205466,741//U3056,7380,images\1205466.JPG
1205467,741//U4769,10060,images\1205467.JPG
1205498,770//U3059,3050,images\1205498.JPG
1205504,770//U1473,3050,images\1205504.JPG
1205505,770//U3071,3050,images\1205505.JPG
1205521,785//U1472,6630,images\1205521.JPG
1205523,786//U1472,8170,images\1205523.JPG
1205547,889//U4825,730,images\1205547.JPG
1205554,896//U4705,4340,images\1205554.JPG
1205562,926//U3059,3950,images\1205562.JPG
1205567,926//U1477,3950,images\1205567.JPG
1205573,947//U1913,4050,images\1205573.JPG
1205581,959//U1477,3980,images\1205581.JPG
1205590,A21//U1472,9660,images\1205590.JPG
1205644,A80//U1472,5430,images\1205644.JPG
1205656,A81//U1477,6750,images\1205656.JPG
1205670,B66//U1477,3600,images\1205670.JPG
1205682,B77//U1477,3200,images\1205682.JPG
1205726,C04//U4769,2350,images\1205726.JPG
1205739,C21//U3059,3660,images\1205739.JPG
1205756,C22//U1472,3140,images\1205756.JPG
1205758,C22//U4706,3140,images\1205758.JPG
1205762,C26//U3060,6070,images\1205762.JPG
1205764,C26//U4769,6070,images\1205764.JPG
1205765,C26//U4704,6070,images\1205765.JPG
1205789,C72//U4704,850,images\1205789.JPG
1205790,C73//U4704,850,images\1205790.JPG
1205795,C83//U4725,1200,images\1205795.JPG
1205797,C83//U1472,1200,images\1205797.JPG
1205798,C83//U4666,1200,images\1205798.JPG
1205803,C83//U3066,1200,images\1205803.JPG
1205820,D04//U3059,2640,images\1205820.JPG
1205822,D04//U4769,2640,images\1205822.JPG
1205824,D04//U1473,2640,images\1205824.JPG
1205841,D23//U3429,2390,images\1205841.JPG
1205848,D65//U4736,8400,images\1205848.JPG
1205862,005//U4873,980,images\1205862.JPG
1205866,014//U1475,8790,images\1205866.JPG
1205873,024//1121X,2470,images\1205873.JPG
1205891,059//U4872,1330,images\1205891.JPG
1205896,070//U415,3310,images\1205896.JPG
1205898,070//U4866,3650,images\1205898.JPG
1205899,070//U4872,1330,images\1205899.JPG
1205900,070//U4873,1330,images\1205900.JPG
1205902,078//U4705,6800,images\1205902.JPG
1205913,112//U4705,3050,images\1205913.JPG
1205924,119//U4705,5650,images\1205924.JPG
1205953,244//U3059,2800,images\1205953.JPG
1205977,266//U1472,4340,images\1205977.JPG
1206017,423//U1473,6460,images\1206017.JPG
1206041,559//U4781,1860,images\1206041.JPG
1206051,589//U3066,1770,images\1206051.JPG
1206052,589//U3072,1770,images\1206052.JPG
1206073,591//U415,2390,images\1206073.JPG
1206081,592//U3072,1260,images\1206081.JPG
1206084,605//U4830,490,images\1206084.JPG
1206090,717//U3066,6750,images\1206090.JPG
1206116,770//U3072,3050,images\1206116.JPG
1206128,814//U1472,5780,images\1206128.JPG
1206136,823//U4755,5650,images\1206136.JPG
1206158,947//1507,1510,images\1206158.JPG
1206160,947//U1472,4050,images\1206160.JPG
1206161,947//U3059,4050,images\1206161.JPG
1206162,947//U4704,4050,images\1206162.JPG
1206163,947//U4769,4050,images\1206163.JPG
1206239,B77//U3071,3200,images\1206239.JPG
1206258,C01//U1477,8630,images\1206258.JPG
1206261,C01//U3071,8630,images\1206261.JPG
1206271,C20//U4825,610,images\1206271.JPG
1206281,C22//U4736,3140,images\1206281.JPG
1206286,C26//U1472,6070,images\1206286.JPG
1206314,C83//U3428,1200,images\1206314.JPG
1206315,C83//U4736,1200,images\1206315.JPG
1206354,D90//U4830,980,images\1206354.JPG
1206355,D94//2322X,7910,images\1206355.JPG
1206381,005//U4812,2130,images\1206381.JPG
1206412,086//L61,12350,images\1206412.JPG
1206414,112//U3658,1690,images\1206414.JPG
1206436,122//U4705,5980,images\1206436.JPG
1206475,261//L63,9880,images\1206475.JPG
1206497,337//L63,13570,images\1206497.JPG
1206504,374//U408B,4110,images\1206504.JPG
1206528,423//U1480,6460,images\1206528.JPG
1206552,559//2286,1510,images\1206552.JPG
1206587,717//L61,17600,images\1206587.JPG
1206600,768//L61,16210,images\1206600.JPG
1206606,768//U415,3830,images\1206606.JPG
1206650,925//U4705,5980,images\1206650.JPG
1206664,947//2222,1660,images\1206664.JPG
1206668,947//U4705,4050,images\1206668.JPG
1206669,947//U4737,4050,images\1206669.JPG
1206671,947//U4794,2060,images\1206671.JPG
1206721,A80//U4816,3980,images\1206721.JPG
1206723,A81//U3072,6750,images\1206723.JPG
1206738,B66//L61,14910,images\1206738.JPG
1206743,B66//U3072,3600,images\1206743.JPG
1206772,C01//L63,32220,images\1206772.JPG
1206773,C01//U1480,8630,images\1206773.JPG
1206775,C01//U3072,8630,images\1206775.JPG
1206789,C21//U3072,3660,images\1206789.JPG
1206793,C22//U4705,3140,images\1206793.JPG
1206816,C71//U4705,850,images\1206816.JPG
1206818,C73//U4705,850,images\1206818.JPG
1206820,C75//U4705,850,images\1206820.JPG
1206821,C83//U1477,1200,images\1206821.JPG
1206822,C83//U3069,1200,images\1206822.JPG
1206823,C83//U3072,1200,images\1206823.JPG
1206831,C93//U1480,6460,images\1206831.JPG
1206854,D24//U3428,2640,images\1206854.JPG
1206874,E02//1535X,3260,images\1206874.JPG
1206895,E42//U2188,4910,images\1206895.JPG
1206902,001//U4820,2060,images\1206902.JPG
1206904,002//U4820,2060,images\1206904.JPG
1206908,007//U4813,4130,images\1206908.JPG
1206909,014//L61,18250,images\1206909.JPG
1206911,014//L63,18250,images\1206911.JPG
1206934,070//2252X,1140,images\1206934.JPG
1206939,070//U4833,1980,images\1206939.JPG
1206970,261//1771X,750,images\1206970.JPG
1206971,261//2252X,850,images\1206971.JPG
1206976,261//U4777,1680,images\1206976.JPG
1206984,337//U4833,2230,images\1206984.JPG
1206985,374//U408A,4110,images\1206985.JPG
1207007,508//U4735,13840,images\1207007.JPG
1207010,589//U3070,1770,images\1207010.JPG
1207024,591//U4833,1450,images\1207024.JPG
1207026,592//U3070,1260,images\1207026.JPG
1207042,768//2252X,1260,images\1207042.JPG
1207074,834//1771,2120,images\1207074.JPG
1207103,A11//2371,1780,images\1207103.JPG
1207160,B96//2108,580,images\1207160.JPG
1207163,C01//2363X,3550,images\1207163.JPG
1207170,C01//U4812,8720,images\1207170.JPG
1207219,C74//U4794,440,images\1207219.JPG
1207220,C83//U3068,1200,images\1207220.JPG
1207222,C83//U4844,1200,images\1207222.JPG
1207250,D94//U4782,8210,images\1207250.JPG
1207252,E05//U7622,6920,images\1207252.JPG
1207271,023//2523X,870,images\1207271.JPG
1207278,070//2523X,1170,images\1207278.JPG
1207355,328//U4877,1950,images\1207355.JPG
1207365,344//375NX,2060,images\1207365.JPG
1207374,486//U2120,4370,images\1207374.JPG
1207375,486//U2195,4370,images\1207375.JPG
1207376,486//U4475,6320,images\1207376.JPG
1207377,486//U4527,4370,images\1207377.JPG
1207404,738//L61,28320,images\1207404.JPG
1207512,B90//U4638,7090,images\1207512.JPG
1207538,C46//1535,2150,images\1207538.JPG
1207539,C46//2259,2150,images\1207539.JPG
1207540,C46//2286,2380,images\1207540.JPG
1207586,E02//U1685,4440,images\1207586.JPG
1207858,112//U4659,3050,images\1207858.JPG
1207862,114//U4659,2230,images\1207862.JPG
1207893,261//2523X,850,images\1207893.JPG
1207897,261//U4872,1110,images\1207897.JPG
1207902,262//U4920,350,images\1207902.JPG
1207921,337//U4872,1460,images\1207921.JPG
1207939,582//U4659,7380,images\1207939.JPG
1207991,845//U4833,3760,images\1207991.JPG
1207992,879//1525X,690,images\1207992.JPG
1208006,A60//2523X,1170,images\1208006.JPG
1208030,C02//2286X,2210,images\1208030.JPG
1208038,C46//2354,2380,images\1208038.JPG
1208058,E01//U4909,4470,images\1208058.JPG
1208070,E17//70X,1340,images\1208070.JPG
1208181,070//U4916,3310,images\1208181.JPG
1208216,160//2290X,1510,images\1208216.JPG
1208225,174//U4907,2590,images\1208225.JPG
1208233,244//2290X,1170,images\1208233.JPG
1208242,244//U4818,2800,images\1208242.JPG
1208295,278//1931X,4310,images\1208295.JPG
1208330,491//2531X,3190,images\1208330.JPG
1208334,495//U4909,2730,images\1208334.JPG
1208354,591//U4818,1980,images\1208354.JPG
1208366,659//61,6830,images\1208366.JPG
1208375,741//U4925,5090,images\1208375.JPG
1208387,768//2286X,1260,images\1208387.JPG
1208456,A25//U4901,2550,images\1208456.JPG
1208522,B89//U4884,1070,images\1208522.JPG
1208554,C20//U4920,580,images\1208554.JPG
1208594,C88//U4901,2730,images\1208594.JPG
1208595,C88//U4920,2470,images\1208595.JPG
1208596,C88//U4925,2470,images\1208596.JPG
1208613,D52//2531X,2610,images\1208613.JPG
1208631,E17//U4884,1710,images\1208631.JPG
1208643,E45//U4833,1800,images\1208643.JPG
1208656,E78//U4909,2880,images\1208656.JPG
1208771,592//2480,520,images\1208771.JPG
1208784,661//U4937,3140,images\1208784.JPG
1208793,722//U4883,7610,images\1208793.JPG
1208794,741//U4638,20790,images\1208794.JPG
1208838,889//2480,560,images\1208838.JPG
1208843,907//U4638,34580,images\1208843.JPG
1208850,942//U4638,9540,images\1208850.JPG
1208872,A99//U4638,22970,images\1208872.JPG
1208873,B18//U4883,5780,images\1208873.JPG
1208877,B36//U4915,3810,images\1208877.JPG
1208892,B89//U4902,1460,images\1208892.JPG
1208913,C88//2512X,1810,images\1208913.JPG
1208926,D19//U4883,1830,images\1208926.JPG
1208932,D43//U408,12860,images\1208932.JPG
1208959,E20//U4833,3080,images\1208959.JPG
1208974,E36//U4833,3550,images\1208974.JPG
1208992,E71//U4815,8750,images\1208992.JPG
1208995,E71//U4909,3730,images\1208995.JPG
1208997,E78//2540,2770,images\1208997.JPG
1209017,C03//L61,13730,images\1209017.JPG
1209033,278//2286X,4740,images\1209033.JPG
1209045,B89//U4881,2230,images\1209045.JPG
1209052,A60//U4881,2880,images\1209052.JPG
1209056,741//2509X,4130,images\1209056.JPG
1209066,017//2286X,980,images\1209066.JPG
1209067,174//U4873,1050,images\1209067.JPG
1209079,D43//1528X,6550,images\1209079.JPG
1209080,532//2572,1170,images\1209080.JPG
1209134,D21//2286X,470,images\1209134.JPG
1209135,337//U4825,1420,images\1209135.JPG
1209136,337//2572X,1170,images\1209136.JPG
1209155,879//2247X,750,images\1209155.JPG
1209156,879//2108X,690,images\1209156.JPG
1209163,591//U4881,1780,images\1209163.JPG
1209187,E35//1771X,760,images\1209187.JPG
1209202,E68//U4879,10410,images\1209202.JPG
1209203,E68//U4818,5270,images\1209203.JPG
1209204,E68//U4815,10410,images\1209204.JPG
1209208,E81//U4909,4220,images\1209208.JPG
1209243,879//U4644,980,images\1209243.JPG
1209257,A39//U408,5260,images\1209257.JPG
1209307,D55//U4970,1430,images\1209307.JPG
1209309,A52//U4969,12060,images\1209309.JPG
1209326,E74//U4967,5940,images\1209326.JPG
1209338,D55//U4967,1950,images\1209338.JPG
1209353,F12//U4967,2410,images\1209353.JPG
1209372,F33//U4964,9740,images\1209372.JPG
1209390,070//1771X,1050,images\1209390.JPG
1209419,C64//2480,560,images\1209419.JPG
1209435,328//U4881,1660,images\1209435.JPG
1209438,337//U4881,3080,images\1209438.JPG
1209454,244//U1481,2800,images\1209454.JPG
1209460,559//U4818,3920,images\1209460.JPG
1209479,556//2595X,760,images\1209479.JPG
1209492,142//2595X,1720,images\1209492.JPG
1209539,023//2286X,870,images\1209539.JPG
1209546,262//2286X,300,images\1209546.JPG
1209547,B40//2286X,4570,images\1209547.JPG
1209549,768//U4825,1540,images\1209549.JPG
1209562,023//2285X,870,images\1209562.JPG
1209635,005//U4760,980,images\1209635.JPG
1209704,070//U4885,1330,images\1209704.JPG
1209769,445//2286X,5980,images\1209769.JPG
1209845,B88//2286X,470,images\1209845.JPG
1209854,C01//1026X,3550,images\1209854.JPG
1209880,D05//L102,11130,images\1209880.JPG
1209893,D21//2285X,470,images\1209893.JPG
1209898,D87//U4657,980,images\1209898.JPG
1209899,D88//2222,980,images\1209899.JPG
1209901,D91//L90,6140,images\1209901.JPG
1209944,059//1771X,960,images\1209944.JPG
1209952,070//2387X,1050,images\1209952.JPG
1209978,160//1771X,1340,images\1209978.JPG
1210029,421//1771X,1770,images\1210029.JPG
1210055,879//1771X,690,images\1210055.JPG
1210065,953//2352X,3550,images\1210065.JPG
1210083,B89//1771X,840,images\1210083.JPG
1210194,219//U4638,6520,images\1210194.JPG
1210197,244//U4812,2580,images\1210197.JPG
1210207,278//2285X,4480,images\1210207.JPG
1210236,845//1932X,1620,images\1210236.JPG
1210244,879//2387X,750,images\1210244.JPG
1210246,879//U4779,1460,images\1210246.JPG
1210268,B89//U4644,1130,images\1210268.JPG
1210282,C39//U408,4980,images\1210282.JPG
1210305,E17//1771X,1220,images\1210305.JPG
1210313,F11//U4638,6630,images\1210313.JPG
1210343,090//2286X,6260,images\1210343.JPG
1210402,592//U4970,930,images\1210402.JPG
1210426,B89//2321X,910,images\1210426.JPG
1210468,F04//U408,4880,images\1210468.JPG
1210503,160//70X,1480,images\1210503.JPG
1210504,160//1026X,1480,images\1210504.JPG
1210505,160//U4654,2650,images\1210505.JPG
1210506,160//U4612,2650,images\1210506.JPG
1210507,160//U4782,1750,images\1210507.JPG
1210516,244//70X,1140,images\1210516.JPG
1210519,244//U4782,1230,images\1210519.JPG
1210535,419//U4612,3720,images\1210535.JPG
1210537,469//U4825,2190,images\1210537.JPG
1210543,574//U4612,3330,images\1210543.JPG
1210558,A39//U4612,5260,images\1210558.JPG
1210581,C39//U4742,11100,images\1210581.JPG
1210591,D21//70X,470,images\1210591.JPG
1210595,D21//U4612,850,images\1210595.JPG
1210612,F11//70X,1370,images\1210612.JPG
1210616,D02//2286X,1840,images\1210616.JPG
1210637,819//U4725,3370,images\1210637.JPG
1210638,819//U4736,3370,images\1210638.JPG
1210660,266//70X,1780,images\1210660.JPG
1210661,A25//70X,1400,images\1210661.JPG
1210776,152//U4612,8840,images\1210776.JPG
1210779,159//U5012,4980,images\1210779.JPG
1210780,160//1522X,1130,images\1210780.JPG
1210781,160//U4881,3670,images\1210781.JPG
1210798,328//U5006,2130,images\1210798.JPG
1210804,556//163X,550,images\1210804.JPG
1210805,556//1522X,690,images\1210805.JPG
1210808,556//U4654,1620,images\1210808.JPG
1210815,768//U4881,3170,images\1210815.JPG
1210821,B45//U4612,7880,images\1210821.JPG
1210822,B45//U5012,19480,images\1210822.JPG
1210828,C20//1526X,300,images\1210828.JPG
1210830,C21//U5012,4590,images\1210830.JPG
1210843,D26//68,530,images\1210843.JPG
1210844,D26//1522X,530,images\1210844.JPG
1210883,014//2480X,1940,images\1210883.JPG
1210890,059//2290X,1050,images\1210890.JPG
1210896,141//2480X,2350,images\1210896.JPG
1210899,160//2480X,1510,images\1210899.JPG
1210901,160//2523X,1510,images\1210901.JPG
1210903,201//U4848,6400,images\1210903.JPG
1210908,244//U4848,2800,images\1210908.JPG
1210912,244//U5001,2800,images\1210912.JPG
1210925,419//2480X,1950,images\1210925.JPG
1210927,482//2480X,2530,images\1210927.JPG
1210933,556//2480X,870,images\1210933.JPG
1210942,562//2480,900,images\1210942.JPG
1210952,768//2709X,1250,images\1210952.JPG
1210964,B40//2523X,4570,images\1210964.JPG
1210965,B45//U3359,7880,images\1210965.JPG
1210966,B45//U4598,7880,images\1210966.JPG
1210969,B47//U3290,840,images\1210969.JPG
1210991,C63//2480,730,images\1210991.JPG
1210996,C97//2286X,1080,images\1210996.JPG
1211001,D21//2523X,470,images\1211001.JPG
1211006,E26//2286X,750,images\1211006.JPG
1211009,F12//70,980,images\1211009.JPG
1211014,023//1026X,840,images\1211014.JPG
1211019,070//2710X,1170,images\1211019.JPG
1211024,142//1026X,1910,images\1211024.JPG
1211027,159//1026X,1870,images\1211027.JPG
1211028,160//1934X,1340,images\1211028.JPG
1211029,160//2083X,1480,images\1211029.JPG
1211041,244//2083X,1140,images\1211041.JPG
1211050,262//2523X,300,images\1211050.JPG
1211051,262//2653X,300,images\1211051.JPG
1211062,374//1026X,2300,images\1211062.JPG
1211064,399//U4654,6420,images\1211064.JPG
1211069,527//2286X,930,images\1211069.JPG
1211070,527//2523X,930,images\1211070.JPG
1211071,556//1026X,840,images\1211071.JPG
1211072,556//2083X,840,images\1211072.JPG
1211073,558//2083X,690,images\1211073.JPG
1211075,562//2709,910,images\1211075.JPG
1211082,590//U4818,1780,images\1211082.JPG
1211084,617//2286X,4420,images\1211084.JPG
1211086,662//U4564,8780,images\1211086.JPG
1211091,768//2653X,1260,images\1211091.JPG
1211093,826//U3290,2550,images\1211093.JPG
1211095,889//2709,560,images\1211095.JPG
1211096,889//U4612,1110,images\1211096.JPG
1211097,953//2480X,3610,images\1211097.JPG
1211098,953//U4848,8630,images\1211098.JPG
1211102,B88//2709X,470,images\1211102.JPG
1211103,B89//1026X,910,images\1211103.JPG
1211116,C63//U4612,1300,images\1211116.JPG
1211129,E25//U4848,3280,images\1211129.JPG
1211130,F05//U408,4880,images\1211130.JPG
1211142,223//U5006,9310,images\1211142.JPG
1211145,768//1026X,1250,images\1211145.JPG
1211150,C97//1771X,960,images\1211150.JPG
1211151,244//1935X,1050,images\1211151.JPG
1211156,B88//2285X,470,images\1211156.JPG
1211159,D21//2321X,470,images\1211159.JPG
1211160,086//2321X,1170,images\1211160.JPG
1211177,059//2662X,1050,images\1211177.JPG
1211181,556//2662X,840,images\1211181.JPG
1211185,C97//70X,1050,images\1211185.JPG
1211194,B13//U4638,6710,images\1211194.JPG
1211199,E26//U4644,940,images\1211199.JPG
1211215,953//U4781,4370,images\1211215.JPG
1211222,014//U4872,2350,images\1211222.JPG
1211223,142//U4872,2360,images\1211223.JPG
1211231,B88//U4872,580,images\1211231.JPG
1211233,337//U4996,1460,images\1211233.JPG
1211243,819//L123,15240,images\1211243.JPG
1211247,954//L132,15240,images\1211247.JPG
1211250,F90//L143,24050,images\1211250.JPG
1211251,921//L129,15240,images\1211251.JPG
1211252,G05//L157,35980,images\1211252.JPG
1211253,954//L133,15240,images\1211253.JPG
1211257,748//L122,15240,images\1211257.JPG
1211279,F11//1771X,1370,images\1211279.JPG
1211280,B13//2221X,1360,images\1211280.JPG
1211285,009//2286X,1940,images\1211285.JPG
1211291,014//2572X,1940,images\1211291.JPG
1211293,160//2572X,1510,images\1211293.JPG
1211297,B13//2572X,1360,images\1211297.JPG
1211301,E36//2572X,1810,images\1211301.JPG
1211304,160//2588X,1480,images\1211304.JPG
1211308,B50//2588X,1170,images\1211308.JPG
1211312,419//2595X,1770,images\1211312.JPG
1211320,244//U1476,2800,images\1211320.JPG
1211322,D21//U1476,1190,images\1211322.JPG
1211323,826//U2128,2550,images\1211323.JPG
1211325,223//U408,5460,images\1211325.JPG
1211326,559//U408,2830,images\1211326.JPG
1211328,615//U408,13180,images\1211328.JPG
1211331,B93//U408,980,images\1211331.JPG
1211333,E36//U408,3550,images\1211333.JPG
1211335,F11//U408,2900,images\1211335.JPG
1211340,E17//U4781,1710,images\1211340.JPG
1211341,E36//U4781,2330,images\1211341.JPG
1211343,244//U4964,3510,images\1211343.JPG
1211344,D21//U4964,1550,images\1211344.JPG
1211345,F25//U4964,5760,images\1211345.JPG
1211349,559//U5003,1860,images\1211349.JPG
1211350,591//U5003,900,images\1211350.JPG
1211360,963//L128,18280,images\1211360.JPG
1211361,715//L144,7600,images\1211361.JPG
1211362,D91//L154,13730,images\1211362.JPG
1211365,D87//L148,7600,images\1211365.JPG
1211366,D87//L149,7600,images\1211366.JPG
1211367,D88//L150,7600,images\1211367.JPG
1211368,A58//L136,15240,images\1211368.JPG
1211369,C19//U4830,490,images\1211369.JPG
1211372,223//U5005,9310,images\1211372.JPG
1211377,E88//U4638,7250,images\1211377.JPG
1211381,E80//1535X,1070,images\1211381.JPG
1211392,005//2387X,790,images\1211392.JPG
1211399,D21//2653X,470,images\1211399.JPG
1211404,D93//2788X,2210,images\1211404.JPG
1211408,717//2788X,2410,images\1211408.JPG
1211410,845//2788X,1740,images\1211410.JPG
1211411,020//2788X,1360,images\1211411.JPG
1211416,768//2788X,1070,images\1211416.JPG
1211419,160//U2128,2650,images\1211419.JPG
1211422,256//U408,10820,images\1211422.JPG
1211423,A99//U408,8700,images\1211423.JPG
1211429,E24//U4781,2150,images\1211429.JPG
1211431,B13//U4781,1680,images\1211431.JPG
1211433,D39//U4781,2610,images\1211433.JPG
1211439,244//U4833,1860,images\1211439.JPG
1211440,070//U4869,2800,images\1211440.JPG
1211441,244//U4869,2800,images\1211441.JPG
1211448,160//U5003,1750,images\1211448.JPG
1211453,419//U5003,2450,images\1211453.JPG
1211457,141//U5014,8050,images\1211457.JPG
1211460,160//U5014,4800,images\1211460.JPG
1211462,261//U5014,3050,images\1211462.JPG
1211466,059//U5014,3630,images\1211466.JPG
1211467,A39//U5014,9530,images\1211467.JPG
1211471,C39//U5014,9070,images\1211471.JPG
1211477,014//U5036,5980,images\1211477.JPG
1211485,141//U5036,8050,images\1211485.JPG
1211488,005//U5041,2130,images\1211488.JPG
1211489,059//U5041,2770,images\1211489.JPG
1211490,D86//U5041,6980,images\1211490.JPG
1211491,C03//U5041,3170,images\1211491.JPG
1211493,059//U5042,3630,images\1211493.JPG
1211495,005//U5042,2790,images\1211495.JPG
1211496,141//U5042,8050,images\1211496.JPG
1211498,C01//U5042,11400,images\1211498.JPG
1211499,768//U5042,4150,images\1211499.JPG
1211500,337//U5042,3980,images\1211500.JPG
1211502,160//U5042,4800,images\1211502.JPG
1211503,244//U5042,3370,images\1211503.JPG
1211504,143//U5042,6480,images\1211504.JPG
1211507,014//U5043,5980,images\1211507.JPG
1211508,496//U5043,6610,images\1211508.JPG
1211509,A80//U5043,7390,images\1211509.JPG
1211510,070//U5043,3630,images\1211510.JPG
1211511,005//U5043,2790,images\1211511.JPG
1211512,337//U5043,3980,images\1211512.JPG
1211513,261//U5043,3050,images\1211513.JPG
1211517,160//U5045,2650,images\1211517.JPG
1211518,005//U5045,1540,images\1211518.JPG
1211519,E17//U5045,2580,images\1211519.JPG
1211527,070//U5054,1980,images\1211527.JPG
1211528,D86//U5054,5050,images\1211528.JPG
1211535,160//U5054,2650,images\1211535.JPG
1211543,D43//U5054,12570,images\1211543.JPG
1211545,D66//U29,1860,images\1211545.JPG
1211552,D21//2252X,470,images\1211552.JPG
1211554,023//2480X,870,images\1211554.JPG
1211555,142//2290X,1940,images\1211555.JPG
1211558,337//2480X,1170,images\1211558.JPG
1211563,023//2290X,870,images\1211563.JPG
1211564,D74//70X,2770,images\1211564.JPG
1211568,023//2653X,870,images\1211568.JPG
1211570,770//U4781,1540,images\1211570.JPG
1211572,261//2653X,840,images\1211572.JPG
1211574,E36//1771X,1300,images\1211574.JPG
1211580,C64//2252,580,images\1211580.JPG
1211581,244//1771X,1050,images\1211581.JPG
1211583,E14//2653X,1890,images\1211583.JPG
1211584,F05//U5005,5090,images\1211584.JPG
1211585,E25//2653X,1250,images\1211585.JPG
1211586,E36//2653X,1460,images\1211586.JPG
1211587,482//2595X,2300,images\1211587.JPG
1211591,265//U408,9940,images\1211591.JPG
1211603,014//242X,1910,images\1211603.JPG
1211616,005//U4869,1980,images\1211616.JPG
1211617,559//U4666,6520,images\1211617.JPG
1211619,086//U1475,5850,images\1211619.JPG
1211621,223//L996#1,39980,images\1211621.JPG
1211622,223//L996#2,39980,images\1211622.JPG
1211623,223//L996#3,39980,images\1211623.JPG
1211651,223//L995#1,39980,images\1211651.JPG
1211688,014//U4884,2190,images\1211688.JPG
1211694,059//U4884,1330,images\1211694.JPG
1211696,059//U4812,2770,images\1211696.JPG
1211704,159//U5048,7320,images\1211704.JPG
1211708,160//U5037,2650,images\1211708.JPG
1211709,160//U5036,4800,images\1211709.JPG
1211710,160//2669X,1230,images\1211710.JPG
1211714,244//U5043,3370,images\1211714.JPG
1211729,419//U5036,6740,images\1211729.JPG
1211730,419//U5014,6740,images\1211730.JPG
1211732,481//2321X,1490,images\1211732.JPG
1211733,482//U4884,2960,images\1211733.JPG
1211735,516//70X,930,images\1211735.JPG
1211736,556//2321X,820,images\1211736.JPG
1211738,559//U4812,3920,images\1211738.JPG
1211745,592//U5054,900,images\1211745.JPG
1211753,983//U408B,5840,images\1211753.JPG
1211768,B66//U4812,3870,images\1211768.JPG
1211771,C21//2321X,1370,images\1211771.JPG
1211776,C64//U5003,660,images\1211776.JPG
1211777,C94//U5037,2120,images\1211777.JPG
1211778,D02//2321X,1590,images\1211778.JPG
1211780,D21//U5036,1550,images\1211780.JPG
1211783,D43//U5003,8290,images\1211783.JPG
1211786,E17//U4654,2580,images\1211786.JPG
1211792,E63//U4654,3830,images\1211792.JPG
1211795,F11//U4812,3980,images\1211795.JPG
1211802,014//848X,1540,images\1211802.JPG
1211808,023//848X,720,images\1211808.JPG
1211811,059//1832X,850,images\1211811.JPG
1211814,059//U5036,3630,images\1211814.JPG
1211816,070//1832X,850,images\1211816.JPG
1211818,070//U5050,3630,images\1211818.JPG
1211819,070//U4956,3630,images\1211819.JPG
1211828,142//U5045,3580,images\1211828.JPG
1211831,159//848X,1870,images\1211831.JPG
1211832,160//2387X,1360,images\1211832.JPG
1211833,160//2321X,1360,images\1211833.JPG
1211834,160//848X,1230,images\1211834.JPG
1211836,160//U4783,2650,images\1211836.JPG
1211839,202//U4654,6580,images\1211839.JPG
1211840,206//U5036,4660,images\1211840.JPG
1211842,244//242X,870,images\1211842.JPG
1211844,261//2387X,850,images\1211844.JPG
1211845,261//848X,780,images\1211845.JPG
1211848,261//U4783,1680,images\1211848.JPG
1211855,337//U4884,1460,images\1211855.JPG
1211856,385//U408,3370,images\1211856.JPG
1211859,419//U4869,5150,images\1211859.JPG
1211865,482//848X,2070,images\1211865.JPG
1211867,496//U5036,6610,images\1211867.JPG
1211868,556//2387X,820,images\1211868.JPG
1211869,556//848X,750,images\1211869.JPG
1211871,559//1771,1200,images\1211871.JPG
1211877,770//2387X,1220,images\1211877.JPG
1211879,826//U5036,4600,images\1211879.JPG
1211882,959//848X,1590,images\1211882.JPG
1211883,A19//U408,17080,images\1211883.JPG
1211886,A61//2518#,2550,images\1211886.JPG
1211889,A84//U5042,6740,images\1211889.JPG
1211894,C03//2387X,1170,images\1211894.JPG
1211896,C47//848X,1590,images\1211896.JPG
1211901,D21//2387X,440,images\1211901.JPG
1211903,D21//U5042,1550,images\1211903.JPG
1211904,D21//U4869,1190,images\1211904.JPG
1211907,D21//U4783,850,images\1211907.JPG
1211908,D21//U4884,560,images\1211908.JPG
1211911,D43//2387X,6420,images\1211911.JPG
1211916,E19//U4884,2650,images\1211916.JPG
1211917,E23//U4812,9220,images\1211917.JPG
1211918,E24//2480X,1660,images\1211918.JPG
1211920,E24//U4783,3260,images\1211920.JPG
1211925,E36//U4654,3550,images\1211925.JPG
1211926,E54//U408,1330,images\1211926.JPG
1211931,F29//U5036,6540,images\1211931.JPG
1211934,F85//242X,1650,images\1211934.JPG
1211940,C39//1522X,2130,images\1211940.JPG
1211944,070//1522X,850,images\1211944.JPG
1211945,005//1522X,660,images\1211945.JPG
1211952,244//1832X,790,images\1211952.JPG
1211956,C13//1832X,840,images\1211956.JPG
1211960,C20//242X,430,images\1211960.JPG
1211962,419//U5042,6740,images\1211962.JPG
1211963,C15//U5042,3830,images\1211963.JPG
1211964,B13//U5042,4600,images\1211964.JPG
1211970,337//U4909,1460,images\1211970.JPG
1211971,160//U4799,1750,images\1211971.JPG
1211973,159//U4909,2670,images\1211973.JPG
1211974,A61//U4909,3280,images\1211974.JPG
1211975,F34//U4909,1510,images\1211975.JPG
1211977,070//U5037,1980,images\1211977.JPG
1211983,244//U5050,3370,images\1211983.JPG
1211984,419//U5050,6740,images\1211984.JPG
1211985,B90//U5050,4860,images\1211985.JPG
1211992,005//2799X,790,images\1211992.JPG
1211995,A60//2798X,1070,images\1211995.JPG
1211997,249//2798X,2130,images\1211997.JPG
1211999,337//2798X,1130,images\1211999.JPG
1212000,023//2798X,790,images\1212000.JPG
1212008,059//2793X,980,images\1212008.JPG
1212009,005//2798X,790,images\1212009.JPG
1212010,591//2798,730,images\1212010.JPG
1212012,C47//2798X,1740,images\1212012.JPG
1212014,F11//2798X,1480,images\1212014.JPG
1212016,C40//2387X,1540,images\1212016.JPG
1212018,160//2798X,1360,images\1212018.JPG
1212019,845//2798X,1920,images\1212019.JPG
1212023,F11//2799X,1480,images\1212023.JPG
1212024,845//2799X,1920,images\1212024.JPG
1212027,086//70X,1050,images\1212027.JPG
1212029,659//U4654,12980,images\1212029.JPG
1212032,590//U4884,850,images\1212032.JPG
1212035,059//U4833,1980,images\1212035.JPG
1212036,556//U4783,1620,images\1212036.JPG
1212038,074//U4833,1570,images\1212038.JPG
1212040,556//U4884,1070,images\1212040.JPG
1212041,E17//U4777,2580,images\1212041.JPG
1212045,E20//U4777,3080,images\1212045.JPG
1212047,D21//U4777,850,images\1212047.JPG
1212048,337//U4777,2230,images\1212048.JPG
1212049,E70//U4777,3370,images\1212049.JPG
1212051,160//U4833,2650,images\1212051.JPG
1212053,202//2480X,3370,images\1212053.JPG
1212058,C20//2108X,400,images\1212058.JPG
1212060,D86//2480X,2580,images\1212060.JPG
1212063,A61//2480X,2550,images\1212063.JPG
1212065,142//2662X,1660,images\1212065.JPG
1212066,160//2662X,1230,images\1212066.JPG
1212068,C20//2480X,470,images\1212068.JPG
1212069,A38//2572X,1400,images\1212069.JPG
1212070,F02//2572X,1660,images\1212070.JPG
1212071,E14//2252X,1810,images\1212071.JPG
1212072,F11//2518#,1480,images\1212072.JPG
1212073,E26//2252X,730,images\1212073.JPG
1212074,F34//70X,1070,images\1212074.JPG
1212075,A35//70X,980,images\1212075.JPG
1212078,B50//2518#,1070,images\1212078.JPG
1212079,C20//2518#,470,images\1212079.JPG
1212080,562//2518,790,images\1212080.JPG
1212081,A93//2518,370,images\1212081.JPG
1212083,E14//1522X,1510,images\1212083.JPG
1212084,E80//2387X,1170,images\1212084.JPG
1212086,419//1832X,1590,images\1212086.JPG
1212087,B50//1832X,880,images\1212087.JPG
1212089,D21//1832X,370,images\1212089.JPG
1212090,C92//1832X,3400,images\1212090.JPG
1212092,448//848X,1550,images\1212092.JPG
1212093,337//848X,1050,images\1212093.JPG
1212094,F11//1832X,1230,images\1212094.JPG
1212099,F14//U5014,14770,images\1212099.JPG
1212102,F11//U4471,1920,images\1212102.JPG
1212104,244//U4471,1230,images\1212104.JPG
1212106,385//1932X,1430,images\1212106.JPG
1212108,F14//U5036,14770,images\1212108.JPG
1212110,F04//U4812,6740,images\1212110.JPG
1212111,F05//U4812,6740,images\1212111.JPG
1212112,385//2286X,1720,images\1212112.JPG
1212113,385//2285X,1720,images\1212113.JPG
1212114,E82//U4812,26060,images\1212114.JPG
1212115,617//U5014,15680,images\1212115.JPG
1212116,865//U4812,3080,images\1212116.JPG
1212117,F28//U4812,7480,images\1212117.JPG
1212121,059//U5048,3630,images\1212121.JPG
1212122,E36//U5037,3550,images\1212122.JPG
1212123,E36//U5036,6420,images\1212123.JPG
1212126,D86//U4909,3340,images\1212126.JPG
1212139,202//2387X,3370,images\1212139.JPG
1212143,160//2125X,1230,images\1212143.JPG
1212145,249//2799X,2130,images\1212145.JPG
1212149,F11//2793X,1480,images\1212149.JPG
1212154,618//2125X,2530,images\1212154.JPG
1212156,E36//2125X,1650,images\1212156.JPG
1212158,005//2736X,720,images\1212158.JPG
1212165,E32//2387X,980,images\1212165.JPG
1212166,249//70X,1950,images\1212166.JPG
1212167,120//U408B,3080,images\1212167.JPG
1212171,005//2737X,790,images\1212171.JPG
1212172,F11//2737X,1480,images\1212172.JPG
1212178,160//U4777,2650,images\1212178.JPG
1212181,261//U4884,1110,images\1212181.JPG
1212183,E36//U4884,2330,images\1212183.JPG
1212191,879//2039X,690,images\1212191.JPG
1212193,428//2480X,880,images\1212193.JPG
1212200,E22//2225X,2440,images\1212200.JPG
1212208,F11//U4885,1920,images\1212208.JPG
1212213,691//2669X,2410,images\1212213.JPG
1212215,F02//70X,1510,images\1212215.JPG
1212217,C64//2669,470,images\1212217.JPG
1212218,E36//70X,1650,images\1212218.JPG
1212221,E25//70X,1100,images\1212221.JPG
1212223,556//2669X,750,images\1212223.JPG
1212226,E80//70X,1070,images\1212226.JPG
1212227,E24//1771X,1390,images\1212227.JPG
1212228,559//1522,1200,images\1212228.JPG
1212231,834//2286,2130,images\1212231.JPG
1212232,E24//70X,1510,images\1212232.JPG
1212233,834//2669,1950,images\1212233.JPG
1212236,C40//848X,1400,images\1212236.JPG
1212238,B13//848X,1170,images\1212238.JPG
1212241,C03//848X,1070,images\1212241.JPG
1212242,559//242,1310,images\1212242.JPG
1212250,E25//242X,1100,images\1212250.JPG
1212253,278//1832X,3730,images\1212253.JPG
1212254,556//1832X,690,images\1212254.JPG
1212258,B13//1832X,1080,images\1212258.JPG
1212259,063//848X,2270,images\1212259.JPG
1212261,E24//242X,1510,images\1212261.JPG
1212262,834//242,1950,images\1212262.JPG
1212265,090//U4812,16950,images\1212265.JPG
1212267,F72//U4812,5400,images\1212267.JPG
1212270,F14//U5042,14770,images\1212270.JPG
1212273,845//U4799,2480,images\1212273.JPG
1212275,845//U5036,6800,images\1212275.JPG
1212276,717//U5036,9390,images\1212276.JPG
1212277,C17//U5037,2120,images\1212277.JPG
1212279,451//U5041,5300,images\1212279.JPG
1212281,E63//U5048,6930,images\1212281.JPG
1212286,073//U5048,4470,images\1212286.JPG
1212290,014//U4909,2190,images\1212290.JPG
1212294,410//U4909,3190,images\1212294.JPG
1212295,482//U4909,2960,images\1212295.JPG
1212297,G19//U5048,9720,images\1212297.JPG
1212299,602//U5037,8120,images\1212299.JPG
1212302,020//U5036,5320,images\1212302.JPG
1212304,028//U5036,13530,images\1212304.JPG
1212305,G19//U5036,9720,images\1212305.JPG
1212309,F14//U5048,14770,images\1212309.JPG
1212310,617//U5048,15680,images\1212310.JPG
1212312,F14//U5050,14770,images\1212312.JPG
1212313,617//U4909,5720,images\1212313.JPG
1212314,C52//U5050,4600,images\1212314.JPG
1212318,617//U5036,15680,images\1212318.JPG
1212319,983//U4799,3860,images\1212319.JPG
1212321,448//2285X,1720,images\1212321.JPG
1212322,005//2218X,720,images\1212322.JPG
1212328,410//2286X,2470,images\1212328.JPG
1212331,F11//2750X,1480,images\1212331.JPG
1212332,B13//2740X,1300,images\1212332.JPG
1212336,005//2750X,790,images\1212336.JPG
1212339,C27//70X,980,images\1212339.JPG
1212341,448//70X,1550,images\1212341.JPG
1212343,590//2798,660,images\1212343.JPG
1212349,C26//2218X,2050,images\1212349.JPG
1212354,337//2218X,1050,images\1212354.JPG
1212355,410//2218X,2240,images\1212355.JPG
1212356,014//2812X,1540,images\1212356.JPG
1212361,F11//2736X,1340,images\1212361.JPG
1212367,337//2713X,1050,images\1212367.JPG
1212369,410//2285X,2470,images\1212369.JPG
1212371,845//2857X,1920,images\1212371.JPG
1212374,C55//U4654,5120,images\1212374.JPG
1212375,E20//U4884,2050,images\1212375.JPG
1212378,A25//U4777,2550,images\1212378.JPG
1212380,E25//U4833,2360,images\1212380.JPG
1212383,D21//U4833,850,images\1212383.JPG
1212386,A80//U4833,4080,images\1212386.JPG
1212387,E19//U4833,3980,images\1212387.JPG
1212388,E20//U4783,3080,images\1212388.JPG
1212391,889//U4833,1110,images\1212391.JPG
1212394,306//U4833,3340,images\1212394.JPG
1212396,A80//U4777,4080,images\1212396.JPG
1212401,C20//2252X,470,images\1212401.JPG
1212404,385//2252X,1720,images\1212404.JPG
1212405,E24//U4777,3260,images\1212405.JPG
1212406,410//U4825,3190,images\1212406.JPG
1212409,768//U4885,1510,images\1212409.JPG
1212414,A61//1932X,2120,images\1212414.JPG
1212415,F11//1932X,1230,images\1212415.JPG
1212425,E22//U4885,3470,images\1212425.JPG
1212427,A61//U4760,3280,images\1212427.JPG
1212429,419//U4760,2450,images\1212429.JPG
1212431,717//U4760,3430,images\1212431.JPG
1212432,249//U4760,2760,images\1212432.JPG
1212434,410//U4760,3190,images\1212434.JPG
1212438,F11//U4760,1920,images\1212438.JPG
1212444,D43//2651X,6420,images\1212444.JPG
1212447,005//U4779,1540,images\1212447.JPG
1212448,F11//U4779,2900,images\1212448.JPG
1212449,337//U4779,2230,images\1212449.JPG
1212450,419//U4779,3720,images\1212450.JPG
1212454,160//U4779,2650,images\1212454.JPG
1212459,563//2651,720,images\1212459.JPG
1212460,589//2651,700,images\1212460.JPG
1212463,592//2651,460,images\1212463.JPG
1212465,B93//2651,520,images\1212465.JPG
1212466,C63//2651,640,images\1212466.JPG
1212467,C64//2651,520,images\1212467.JPG
1212468,E22//U4779,5260,images\1212468.JPG
1212469,D43//U4779,12570,images\1212469.JPG
1212470,410//U4779,4830,images\1212470.JPG
1212472,C20//U4779,930,images\1212472.JPG
1212473,559//U4779,2830,images\1212473.JPG
1212475,591//U4779,1300,images\1212475.JPG
1212476,559//2651,1450,images\1212476.JPG
1212477,437//2651,1590,images\1212477.JPG
1212478,590//2480,660,images\1212478.JPG
1212479,563//2480,720,images\1212479.JPG
1212480,589//2480,700,images\1212480.JPG
1212484,005//2796X,790,images\1212484.JPG
1212487,005//2739X,790,images\1212487.JPG
1212491,014//U4782,2190,images\1212491.JPG
1212493,034//U5004,9590,images\1212493.JPG
1212497,070//2849Q,980,images\1212497.JPG
1212502,074//U4779,1570,images\1212502.JPG
1212504,074//U4783,1570,images\1212504.JPG
1212509,098//U4783,1910,images\1212509.JPG
1212512,106//U4783,1140,images\1212512.JPG
1212515,106//2821X,580,images\1212515.JPG
1212516,108//U4783,1830,images\1212516.JPG
1212520,160//2218X,1230,images\1212520.JPG
1212523,168//U4783,1970,images\1212523.JPG
1212524,174//2480X,810,images\1212524.JPG
1212528,224//U4725,6580,images\1212528.JPG
1212531,244//U5004,4110,images\1212531.JPG
1212533,249//2285X,2130,images\1212533.JPG
1212534,249//2286X,2130,images\1212534.JPG
1212537,261//U4782,1110,images\1212537.JPG
1212539,262//2821X,300,images\1212539.JPG
1212540,278//U4654,8780,images\1212540.JPG
1212543,328//U4779,1190,images\1212543.JPG
1212550,337//1558X,940,images\1212550.JPG
1212556,410//1558X,2060,images\1212556.JPG
1212563,428//U4783,1720,images\1212563.JPG
1212567,438//2651,1450,images\1212567.JPG
1212569,438//2355,1310,images\1212569.JPG
1212573,482//2286X,2290,images\1212573.JPG
1212575,559//2100,1310,images\1212575.JPG
1212576,559//2355,1310,images\1212576.JPG
1212577,559//35,1200,images\1212577.JPG
1212580,563//2387,720,images\1212580.JPG
1212581,563//2100,660,images\1212581.JPG
1212582,563//2355,660,images\1212582.JPG
1212585,590//2100,590,images\1212585.JPG
1212586,590//2355,590,images\1212586.JPG
1212587,590//35,550,images\1212587.JPG
1212590,591//35,610,images\1212590.JPG
1212592,592//2100,410,images\1212592.JPG
1212596,659//2387,6640,images\1212596.JPG
1212603,820//U5015,6740,images\1212603.JPG
1212604,845//2858X,1920,images\1212604.JPG
1212606,845//1558X,1600,images\1212606.JPG
1212609,865//U4654,2230,images\1212609.JPG
1212611,879//U4783,1460,images\1212611.JPG
1212613,879//U4725,3250,images\1212613.JPG
1212631,B88//U4782,560,images\1212631.JPG
1212633,B88//U4825,560,images\1212633.JPG
1212635,B89//U4782,1070,images\1212635.JPG
1212638,B90//U4783,2680,images\1212638.JPG
1212639,B90//U4782,1770,images\1212639.JPG
1212640,B93//2100,470,images\1212640.JPG
1212642,B93//35,430,images\1212642.JPG
1212646,C15//U4783,2120,images\1212646.JPG
1212649,C20//U4760,610,images\1212649.JPG
1212650,C20//1558X,400,images\1212650.JPG
1212651,C20//U4782,610,images\1212651.JPG
1212652,C20//35X,400,images\1212652.JPG
1212656,C47//2849Q,1740,images\1212656.JPG
1212659,C47//2387X,1740,images\1212659.JPG
1212662,C55//2252X,2620,images\1212662.JPG
1212665,C63//2100,580,images\1212665.JPG
1212666,C64//2100,470,images\1212666.JPG
1212667,C64//2355,470,images\1212667.JPG
1212670,D03//2387X,3920,images\1212670.JPG
1212671,D03//U4783,7670,images\1212671.JPG
1212675,D21//U4901,850,images\1212675.JPG
1212676,D43//2352X,5840,images\1212676.JPG
1212679,D63//2387,1130,images\1212679.JPG
1212688,E24//U4833,3260,images\1212688.JPG
1212690,E70//2387X,1720,images\1212690.JPG
1212693,E82//U5036,34080,images\1212693.JPG
1212698,F12//U1473,2620,images\1212698.JPG
1212699,F12//U1476,2620,images\1212699.JPG
1212703,C47//2736X,1590,images\1212703.JPG
1212710,590//2713,590,images\1212710.JPG
1212711,591//2713,670,images\1212711.JPG
1212735,B89//2713X,750,images\1212735.JPG
1212738,278//2218X,4070,images\1212738.JPG
1212739,E70//70X,1550,images\1212739.JPG
1212740,845//2713X,1740,images\1212740.JPG
1212742,879//2713X,690,images\1212742.JPG
1212747,206//2218X,1190,images\1212747.JPG
1212749,617//U408B,8670,images\1212749.JPG
1212752,F11//2739X,1480,images\1212752.JPG
1212754,070//2713X,930,images\1212754.JPG
1212759,925//2713X,2410,images\1212759.JPG
1212760,617//2713X,3980,images\1212760.JPG
1212763,E54//2387X,670,images\1212763.JPG
1212771,E25//2713X,1100,images\1212771.JPG
1212774,820//U4812,6740,images\1212774.JPG
1212775,B18//U4777,4880,images\1212775.JPG
1212780,C47//U4760,2240,images\1212780.JPG
1212781,D43//2100X,5840,images\1212781.JPG
1212782,617//2355X,3980,images\1212782.JPG
1212783,438//2480,1450,images\1212783.JPG
1212784,244//1932X,790,images\1212784.JPG
1212785,E22//1932X,2240,images\1212785.JPG
1212786,F11//1558X,1230,images\1212786.JPG
1212787,159//1558X,1720,images\1212787.JPG
1212790,E82//U4879,49700,images\1212790.JPG
1212793,046//U4598,4660,images\1212793.JPG
1212797,F12//U5004,4210,images\1212797.JPG
1212798,098//U5004,4210,images\1212798.JPG
1212804,C58//U4725,20760,images\1212804.JPG
1212805,A25//2821X,1300,images\1212805.JPG
1212808,602//U4725,17980,images\1212808.JPG
1212810,385//U4644,2230,images\1212810.JPG
1212816,142//375NX,1520,images\1212816.JPG
1212817,590//375N,550,images\1212817.JPG
1212820,219//375NX,1050,images\1212820.JPG
1212821,249//375NX,1780,images\1212821.JPG
1212825,056//2757X,2910,images\1212825.JPG
1212826,057//2757X,2050,images\1212826.JPG
1212830,C20//2713X,430,images\1212830.JPG
1212833,337//375NX,940,images\1212833.JPG
1212834,B88//375NX,370,images\1212834.JPG
1212839,879//2709X,750,images\1212839.JPG
1212842,845//375NX,1600,images\1212842.JPG
1212848,516//375NX,850,images\1212848.JPG
1212850,337//U4901,2230,images\1212850.JPG
1212860,B34//2757X,3080,images\1212860.JPG
1212861,B88//2757X,440,images\1212861.JPG
1212863,D59//2757X,560,images\1212863.JPG
1212864,E92//U5070,3810,images\1212864.JPG
1212866,328//U5064,3120,images\1212866.JPG
1212867,591//U5070,1980,images\1212867.JPG
1212871,617//2757X,4420,images\1212871.JPG
1212872,656//2709X,640,images\1212872.JPG
1212873,244//U5070,2580,images\1212873.JPG
1212874,907//U4725,28980,images\1212874.JPG
1212876,337//U5064,5850,images\1212876.JPG
1212878,E92//U5064,7270,images\1212878.JPG
1212881,A60//2821X,1070,images\1212881.JPG
1212885,244//U5064,4910,images\1212885.JPG
1212886,106//2757X,580,images\1212886.JPG
1212888,005//U5070,2130,images\1212888.JPG
1212889,590//2757,660,images\1212889.JPG
1212891,592//2757,460,images\1212891.JPG
1212892,244//2757X,940,images\1212892.JPG
1212893,845//2757X,1920,images\1212893.JPG
1212895,337//U5070,3080,images\1212895.JPG
1212896,E22//1026X,2440,images\1212896.JPG
1212897,278//2757X,4480,images\1212897.JPG
1212898,438//2757,1450,images\1212898.JPG
1212899,D52//U5070,5460,images\1212899.JPG
1212902,499//2709X,1490,images\1212902.JPG
1212904,070//U5070,2770,images\1212904.JPG
1212905,261//U5070,2330,images\1212905.JPG
1212911,E22//2252X,2680,images\1212911.JPG
1212913,604//2709X,640,images\1212913.JPG
1212915,F11//2709X,1480,images\1212915.JPG
1212923,014//2709X,1710,images\1212923.JPG
1212925,591//2921,670,images\1212925.JPG
1212935,879//U5070,2050,images\1212935.JPG
1212937,328//U5070,1630,images\1212937.JPG
1212954,F12//U3060,2620,images\1212954.JPG
1212959,F11//36X,1230,images\1212959.JPG
1212962,C01//U5070,8720,images\1212962.JPG
1212964,768//2757X,1170,images\1212964.JPG
1212965,876//U5070,14810,images\1212965.JPG
1212966,C20//2709X,470,images\1212966.JPG
1212968,D59//2821X,560,images\1212968.JPG
1212969,E22//2757X,2680,images\1212969.JPG
1212970,D02//2709X,1590,images\1212970.JPG
1212971,056//2709X,2910,images\1212971.JPG
1212975,385//U5070,4660,images\1212975.JPG
1212977,942//U5070,4980,images\1212977.JPG
1212978,A52//U5070,12480,images\1212978.JPG
1212982,845//U5070,5200,images\1212982.JPG
1212986,C20//U4644,610,images\1212986.JPG
1212988,005//2712*,720,images\1212988.JPG
1212990,E82//U5070,26060,images\1212990.JPG
1212993,617//375NX,3690,images\1212993.JPG
1212995,174//375NX,670,images\1212995.JPG
1212996,E22//375NX,2240,images\1212996.JPG
1212999,261//U5064,4440,images\1212999.JPG
1213000,C20//375NX,400,images\1213000.JPG
1213002,141//2709X,2270,images\1213002.JPG
1213004,590//2709,660,images\1213004.JPG
1213005,D44//U5070,12130,images\1213005.JPG
1213008,617//U4638,22860,images\1213008.JPG
1213013,160//2713,1230,images\1213013.JPG
1213014,219//2713X,1140,images\1213014.JPG
1213015,516//2713X,930,images\1213015.JPG
1213016,174//2713X,730,images\1213016.JPG
1213017,073//2713X,1140,images\1213017.JPG
1213023,C20//2926X,470,images\1213023.JPG
1213027,278//2709X,4480,images\1213027.JPG
1213032,A60//2926X,1070,images\1213032.JPG
1213033,631//2926X,790,images\1213033.JPG
1213036,262//2926X,300,images\1213036.JPG
1213043,174//2921X,730,images\1213043.JPG
1213045,C20//2712*,430,images\1213045.JPG
1213046,879//2712*,690,images\1213046.JPG
1213059,E22//2926X,2680,images\1213059.JPG
1213063,942//2709X,1840,images\1213063.JPG
1213065,942//2921X,1680,images\1213065.JPG
1213071,262//2601X,290,images\1213071.JPG
1213075,B50//2709X,1070,images\1213075.JPG
1213076,B88//2926X,440,images\1213076.JPG
1213085,070//U4909,1330,images\1213085.JPG
1213104,059//247X,980,images\1213104.JPG
1213105,160//377Y,1230,images\1213105.JPG
1213109,160//240,1230,images\1213109.JPG
1213116,244//240,870,images\1213116.JPG
1213119,070//377Y,930,images\1213119.JPG
1213121,005//247X,790,images\1213121.JPG
1213130,244//247X,940,images\1213130.JPG
1213131,591//377Y,590,images\1213131.JPG
1213142,E35//U4881,2230,images\1213142.JPG
1213147,142//1771X,1520,images\1213147.JPG
1213158,B64//U5029,720,images\1213158.JPG
1213160,591//U3269,1300,images\1213160.JPG
1213161,070//2588X,930,images\1213161.JPG
1213166,G02//U4725,10850,images\1213166.JPG
1213167,C28//2713X,4500,images\1213167.JPG
1213168,G11//U4638,6230,images\1213168.JPG
1213171,591//U3783,1300,images\1213171.JPG
1213175,C20//U5029,610,images\1213175.JPG
1213178,244//U5029,1230,images\1213178.JPG
1213184,C30//3203X,2470,images\1213184.JPG
1213185,845//U5098,3760,images\1213185.JPG
1213188,059//U5098,1980,images\1213188.JPG
1213192,B90//U4873,1770,images\1213192.JPG
1213194,160//U4873,1750,images\1213194.JPG
1213195,429//U4873,1300,images\1213195.JPG
1213196,428//U4873,1130,images\1213196.JPG
1213197,B89//3203X,820,images\1213197.JPG
1213204,174//3203X,810,images\1213204.JPG
1213207,764//U4873,940,images\1213207.JPG
1213208,768//U4873,1510,images\1213208.JPG
1213214,106//U4873,760,images\1213214.JPG
1213219,768//U214,3170,images\1213219.JPG
1213220,046//U214,6450,images\1213220.JPG
1213223,F15//U214,8470,images\1213223.JPG
1213225,B77//U5074,3370,images\1213225.JPG
1213227,244//U5074,2580,images\1213227.JPG
1213230,881//U4016,20510,images\1213230.JPG
1213233,B89//U4872,1070,images\1213233.JPG
1213236,174//2756X,730,images\1213236.JPG
1213245,C28//2651X,4950,images\1213245.JPG
1213249,B64//2825X,500,images\1213249.JPG
1213252,879//2413X,750,images\1213252.JPG
1213256,G38//2413X,1740,images\1213256.JPG
1213258,C20//2756X,430,images\1213258.JPG
1213259,F28//2651,2760,images\1213259.JPG
1213261,764//2669X,670,images\1213261.JPG
1213263,G27//2921,620,images\1213263.JPG
1213264,237//1771X,1050,images\1213264.JPG
1213318,C01//U5156,8720,images\1213318.JPG
1213321,B89//3248X,820,images\1213321.JPG
1213326,017//U4881,2380,images\1213326.JPG
1213329,764//3248X,730,images\1213329.JPG
1213331,B88//3248X,440,images\1213331.JPG
1213333,288//3249X,2070,images\1213333.JPG
1213334,764//3249X,730,images\1213334.JPG
1213339,074//U5151,1050,images\1213339.JPG
1213345,448//U5152,2230,images\1213345.JPG
1213347,D64//3249X,1130,images\1213347.JPG
1213348,C20//3249X,470,images\1213348.JPG
1213353,257//U5152,2580,images\1213353.JPG
1213356,337//U4952,2230,images\1213356.JPG
1213365,D29//3239X,1570,images\1213365.JPG
1213367,B90//U5156,3720,images\1213367.JPG
1213374,017//U4952,1720,images\1213374.JPG
1213380,070//U5156,2770,images\1213380.JPG
1213383,B89//U5135,1620,images\1213383.JPG
1213387,017//U5160,1130,images\1213387.JPG
1213388,070//U5160,1330,images\1213388.JPG
1213390,058//U5158,2680,images\1213390.JPG
1213392,C30//3239X,2470,images\1213392.JPG
1213396,059//U5141,2770,images\1213396.JPG
1213397,A60//U5141,2880,images\1213397.JPG
1213403,E96//U4704,4910,images\1213403.JPG
1213404,B89//U5160,1070,images\1213404.JPG
1213405,G66//U5160,1600,images\1213405.JPG
1213406,057//U5160,2650,images\1213406.JPG
1213409,174//U5135,1570,images\1213409.JPG
1213410,448//U5075,6100,images\1213410.JPG
1213411,766//U5153,1050,images\1213411.JPG
1213414,057//U5135,3980,images\1213414.JPG
1213416,070//U5135,1980,images\1213416.JPG
1213418,B89//U5158,1620,images\1213418.JPG
1213421,429//U5075,3570,images\1213421.JPG
1213425,865//U5160,1460,images\1213425.JPG
1213431,174//3248X,810,images\1213431.JPG
1213436,174//U5098,1570,images\1213436.JPG
1213437,174//U5160,1050,images\1213437.JPG
1213438,876//3248X,5470,images\1213438.JPG
1213439,876//242X,4970,images\1213439.JPG
1213440,CASET01//U4779,9200,images\1213440.JPG
1213441,CASET01//U4760,6080,images\1213441.JPG
1213442,CASET01//2286X,4920,images\1213442.JPG
1213443,CASET01//1558X,3920,images\1213443.JPG
1213444,CASET02//1026X,4940,images\1213444.JPG
1213447,CASET02//2125X,4580,images\1213447.JPG
1213449,CASET02//2225X,4940,images\1213449.JPG
1213450,CASET02//2252X,5200,images\1213450.JPG
1213451,CASET02//2321X,5180,images\1213451.JPG
1213452,CASET02//2709X,5180,images\1213452.JPG
1213454,CASET02//2757X,5020,images\1213454.JPG
1213455,CASET02//2788X,4580,images\1213455.JPG
1213461,CASET02//U4885,6490,images\1213461.JPG
1213463,CASET03//2713X,3690,images\1213463.JPG
1213465,CASET03//848X,3690,images\1213465.JPG
1213467,CASET03//2387X,4010,images\1213467.JPG
1213469,CASET03//U4782,5030,images\1213469.JPG
1213470,CASET03//U4783,7870,images\1213470.JPG
1213471,CASET03//U4833,7870,images\1213471.JPG
1213472,CASET03//U4872,5230,images\1213472.JPG
1213473,CASET03//U4873,5230,images\1213473.JPG
1213474,CASET03//U4884,5230,images\1213474.JPG
1213475,CASET04//2713X,4440,images\1213475.JPG
1213477,CASET04//848X,4440,images\1213477.JPG
1213479,CASET04//2387X,4830,images\1213479.JPG
1213480,CASET04//U4783,9490,images\1213480.JPG
1213481,CASET04//U4833,9490,images\1213481.JPG
1213482,CASET04//U4884,6300,images\1213482.JPG
1213490,014//U4907,5500,images\1213490.JPG
1213494,017//U5152,1130,images\1213494.JPG
1213495,017//2653X,880,images\1213495.JPG
1213499,023//U4893,1600,images\1213499.JPG
1213502,028//U4725,16570,images\1213502.JPG
1213506,070//U5132,1980,images\1213506.JPG
1213511,074//2523X,730,images\1213511.JPG
1213517,141//U5151,2670,images\1213517.JPG
1213521,174//U5152,1050,images\1213521.JPG
1213524,174//U4916,2590,images\1213524.JPG
1213525,201//U5150,4660,images\1213525.JPG
1213528,244//U5152,1230,images\1213528.JPG
1213530,244//3249X,940,images\1213530.JPG
1213534,244//U5144,1680,images\1213534.JPG
1213538,261//U5161,1770,images\1213538.JPG
1213543,302//U4916,4540,images\1213543.JPG
1213547,328//U5050,2130,images\1213547.JPG
1213549,328//2653X,550,images\1213549.JPG
1213554,328//U4902,1080,images\1213554.JPG
1213555,328//U5161,1230,images\1213555.JPG
1213557,337//U4907,3690,images\1213557.JPG
1213564,481//U4902,2680,images\1213564.JPG
1213566,559//3239,1310,images\1213566.JPG
1213568,559//U5144,2580,images\1213568.JPG
1213570,561//247,720,images\1213570.JPG
1213571,561//U5003,910,images\1213571.JPG
1213572,561//U5154,910,images\1213572.JPG
1213574,562//U5003,910,images\1213574.JPG
1213575,562//U5144,1400,images\1213575.JPG
1213576,562//U5154,910,images\1213576.JPG
1213578,589//2857,640,images\1213578.JPG
1213579,589//U4893,1450,images\1213579.JPG
1213580,589//U5003,820,images\1213580.JPG
1213582,589//U5154,820,images\1213582.JPG
1213583,590//2588,550,images\1213583.JPG
1213584,590//3208,610,images\1213584.JPG
1213585,590//3221,610,images\1213585.JPG
1213586,590//3239,610,images\1213586.JPG
1213587,590//U4893,1360,images\1213587.JPG
1213588,590//U5144,1190,images\1213588.JPG
1213589,591//3248,730,images\1213589.JPG
1213590,591//U5148,1450,images\1213590.JPG
1213593,591//3221,680,images\1213593.JPG
1213594,591//3239,680,images\1213594.JPG
1213595,591//U4893,1520,images\1213595.JPG
1213600,717//U5161,5430,images\1213600.JPG
1213602,766//U5148,1050,images\1213602.JPG
1213608,865//U5148,2230,images\1213608.JPG
1213611,876//U4725,23700,images\1213611.JPG
1213616,A25//U5144,2330,images\1213616.JPG
1213619,A60//U4907,3430,images\1213619.JPG
1213622,A60//U5161,2180,images\1213622.JPG
1213629,B46//247X,1250,images\1213629.JPG
1213631,B46//U5003,1600,images\1213631.JPG
1213632,B46//U5154,1600,images\1213632.JPG
1213633,B65//U408,4830,images\1213633.JPG
1213634,B65//U4907,8750,images\1213634.JPG
1213635,B65//U4952,4830,images\1213635.JPG
1213636,B65//U5158,4830,images\1213636.JPG
1213641,B89//U5152,1070,images\1213641.JPG
1213643,B89//U4952,1620,images\1213643.JPG
1213644,B89//U5153,1620,images\1213644.JPG
1213645,B89//2857X,750,images\1213645.JPG
1213646,B89//U4877,2650,images\1213646.JPG
1213647,B90//U4916,4400,images\1213647.JPG
1213649,C01//U5075,11400,images\1213649.JPG
1213652,C28//3239X,4950,images\1213652.JPG
1213659,D44//U5135,8780,images\1213659.JPG
1213660,D64//U5152,1460,images\1213660.JPG
1213662,D86//U5144,4620,images\1213662.JPG
1213665,E55//U4902,1910,images\1213665.JPG
1213667,E95//U4952,1620,images\1213667.JPG
1213671,E96//U5161,2350,images\1213671.JPG
1213672,E97//U4893,3340,images\1213672.JPG
1213673,E97//U4952,2900,images\1213673.JPG
1213675,F34//3249X,1170,images\1213675.JPG
1213676,F34//U4902,2120,images\1213676.JPG
1213677,F34//U5161,2420,images\1213677.JPG
1213679,F60//U5032,2100,images\1213679.JPG
1213680,F60//U5135,3190,images\1213680.JPG
1213683,F60//3239X,1480,images\1213683.JPG
1213687,F72//U4952,3900,images\1213687.JPG
1213693,F72//U5161,4110,images\1213693.JPG
1213697,G04//2352,3140,images\1213697.JPG
1213698,G04//3239,3460,images\1213698.JPG
1213699,G26//1932,820,images\1213699.JPG
1213700,G26//2413,980,images\1213700.JPG
1213702,G26//2712,900,images\1213702.JPG
1213704,G26//3208,980,images\1213704.JPG
1213705,G26//3221,980,images\1213705.JPG
1213706,G26//3239,980,images\1213706.JPG
1213707,G26//U5003,1280,images\1213707.JPG
1213708,G27//2669,620,images\1213708.JPG
1213709,G27//3208,640,images\1213709.JPG
1213710,G27//3221,640,images\1213710.JPG
1213711,G27//3239,640,images\1213711.JPG
1213714,G38//U4893,3580,images\1213714.JPG
1213715,G38//U5144,3110,images\1213715.JPG
1213716,G56//U5003,980,images\1213716.JPG
1213718,G60//3221,490,images\1213718.JPG
1213719,G60//3239,490,images\1213719.JPG
1213721,G60//U4902,960,images\1213721.JPG
1213724,G62//3221X,490,images\1213724.JPG
1213726,G62//U4902,960,images\1213726.JPG
1213733,G67//U4916,4800,images\1213733.JPG
1213737,G74//2857,620,images\1213737.JPG
1213738,G74//3208,620,images\1213738.JPG
1213739,G74//3221,620,images\1213739.JPG
1213740,G74//3239,620,images\1213740.JPG
1213741,G74//U4893,1400,images\1213741.JPG
1213742,E97//3282x,1850,images\1213742.JPG
1213744,558//2751x,740,images\1213744.JPG
1213745,416//U5132,6050,images\1213745.JPG
1213746,801//U5131,9780,images\1213746.JPG
1213749,266//U5157,3310,images\1213749.JPG
1213751,614//U5156,11130,images\1213751.JPG
1213754,423//U5177,5080,images\1213754.JPG
1213757,152//U5176,9920,images\1213757.JPG
1213775,964//U5015,5860,images\1213775.JPG
